case,vertices,directed_edges,algorithm,cost,median_us,q1_us,q3_us,inspected_edges,relaxations,passes
soal_a,15,36,Dijkstra,505,15.021,14.325,16.121,28,14,0
soal_a,15,36,Bellman–Ford,505,25.958,25.249,27.717,72,15,2
soal_b,15,36,Dijkstra,400,11.209,10.662,11.848,20,11,0
soal_b,15,36,Bellman–Ford,400,25.138,23.448,25.861,72,15,2
soal_c,10,30,Dijkstra,9,10.254,9.549,10.721,21,10,0
soal_c,10,30,Bellman–Ford,9,25.622,23.468,26.497,90,15,3
jarang_20,20,36,Dijkstra,168,18.828,18.38,19.179,36,21,0
jarang_20,20,36,Bellman–Ford,168,32.282,31.971,32.582,108,29,3
padat_20,20,144,Dijkstra,70,33.53,30.897,34.922,108,28,0
padat_20,20,144,Bellman–Ford,70,116.112,105.539,119.709,432,56,3
jarang_50,50,153,Dijkstra,84,55.747,51.2,57.409,113,63,0
jarang_50,50,153,Bellman–Ford,84,135.141,122.817,137.897,459,82,3
padat_50,50,909,Dijkstra,28,147.567,135.546,152.953,576,122,0
padat_50,50,909,Bellman–Ford,28,671.536,630.173,695.685,2727,173,3
jarang_100,100,483,Dijkstra,102,173.867,167.544,184.474,467,158,0
jarang_100,100,483,Bellman–Ford,102,499.196,482.449,530.877,1932,230,4
padat_100,100,3491,Dijkstra,22,570.599,547.615,601.018,2709,290,0
padat_100,100,3491,Bellman–Ford,22,4888.875,4745.125,5265.722,20946,466,6
rantai_terbalik_100,100,99,Dijkstra,99,71.719,69.734,77.292,99,99,0
rantai_terbalik_100,100,99,Bellman–Ford,99,1693.67,1651.415,1800.462,9801,99,99
